Nicole Swanson,05798659867,8865887266022
Christine King,421.469.0431x83750,7447533387919
Paul Curry,+44(3)5095489476,1156932798061
Edward George,(980)415-0944x93528,0457042790367
Jennifer Taylor,573.340.3283x423,4405852661618
Jared Wells,1-513-723-9770,2427224699328
Madeline Sullivan,1-792-057-4750x103,3482597320964
Adam Roberts,1-874-309-1150x9093,4472211026111
Andrew Perry,564-140-1874x582,8680286630027
Frederick Trevino MD,944.451.2364,9757940104558
Joseph Bailey,072-253-0145x219,4580137235729
Samuel Freeman,00569876405,8661467249252
Michael Clark,00334154863,3998555071873
Jennifer Leon,495-148-7524,1408025105912
Juan Burns,1-287-274-1185,9658034257993
Gerald Parker,676-911-6915x5254,6075161872302
John Johnson,1-900-616-0203,8930496138234
Diana Hayes,766-997-0205x3631,5595705709099
Elijah Burns,509.038.3674,8369788526921
Danielle Williams,(226)933-8653x8107,3321933026132
Kara Hernandez,(771)103-2777x760,6843342837941
Ann Phelps,080-719-2695x15837,6186145432136
Clifford Carson,598.059.8542,5558002665192
Carrie Aguilar,668.673.7082x1158,0600691080314
Christopher Hunt,568.794.2431,0410051361669
Jamie Martin,03524059994,6617631758749
Brian Smith,1-270-263-6834,6346286371545
Danielle Huerta,(817)153-0371x52460,2543500146802
Heidi Graves,+73(5)4937094947,8232530180279
Jessica Wu,447-643-8356,3500826732897
Sherry Burton,(611)981-3151x7087,5621966435733
Ricardo Cox,1-076-191-1857,4491362742312
Sharon Miller,09209511035,9836564850567
Richard Patterson,314-218-3663,0960264113222
Christine King,019-232-8382x444,8778946399497
Sara Smith,+59(6)0063370010,8908031263604
Richard Jones,1-696-553-1174x529,9260859890530
Tammy Smith,(926)715-0990x613,0309494652222
Natalie Smith,474.290.3134,8399643578437
Brandi Vazquez,615-124-9347,7650185762731
Dr. Michael Sullivan,08899610208,4987426342265
Lisa Shields,(969)153-5741,1822405570402
Natalie Barnes,02880504785,8035375180202
Catherine Kent,534-071-6694x544,5371035093240
Marc Powers,143-170-7435x34029,6141131191589
Jeffery Boyer,03132979938,0878437679607
Susan Shepherd,+31(8)2339080461,2062966395833
Jill Hall,1-770-206-9795x70514,2610799340287
Kara Erickson,264-074-7976x92757,7837460956720
Cameron Ruiz,(201)014-2701x529,6455226451404
Deanna Willis,1-808-681-9354x80256,6014799889450
Brittany Davis,+81(8)2006248163,2507308484290
James Hopkins,1-727-588-1169,3606624249022
Deanna Garza,1-493-955-5364x2512,3105319295745
Jose Roberts,(853)754-6685,8530213206668
Randy Blevins,1-371-494-6951x433,0684483586871
William Sanders,181-944-2488x340,4631620785860
Catherine Carrillo,1-855-597-3375,9531011998471
Ryan Roberts,(271)453-0481x78249,6110154242578
Nathaniel Thomas,608.899.4263,8638203266224
Robert Nash,684-967-2547x4421,2128429781367
Patricia Murphy,554-255-2076,8295082833574
Meghan Sampson,166-636-7993x476,3193417793072
Tammy Johns,(160)792-8463x60721,4932286229737
Mario Thompson,1-969-181-7010x573,4571863907851
Dillon Henry,974-710-8101x138,5147045802062
Mary Daniel,+78(2)4063288632,5314906174211
Heidi Thomas,660.592.8723x1029,2758782067381
Joseph Gonzalez,492-153-3092x83661,2959902590516
Chloe Duncan,768.773.8837,0292212250209
Mary Riley,259-876-6819x567,9014475309477
Justin Shaw,09109287365,5051326836472
Angela Rodriguez,1-410-329-0903x309,0471757495539
Anthony Richardson,(948)350-7390,2315675899919
Matthew Harper,145-607-4017x714,5519779462001
Jessica Crawford,986-835-7012,1351046659370
Gary Espinoza,+74(7)8582395054,0529638432873
Melissa Ryan,008.671.7237x4468,6303072716232
Stephen Duke,(194)335-5046,1095303878455
Kelli Hoover,(005)822-7111x942,9564369361499
Carlos Alvarez,610.407.8979,1191322992339
Maria Morris,+14(2)8009504395,6982887212971
James Oliver,1-237-389-0678,6122640666188
Christina Gonzales,895.305.9521,2944041826282
Stacey Jackson,957.850.2154,2777952755491
Eugene Moore,02022168283,7585392143649
Kent Harris,(565)823-5173,3893871190218
Miguel Sharp MD,(828)054-5695x1019,1547833652147
Jeffery Williams,896-352-2424x5053,9303772395536
Laura Allen,639-245-0415,7787055773389
Barry Lee,1-721-743-4189,9072552868903
Carly Mitchell,1-188-379-6492,9632570726182
Jill Lopez,1-883-801-7850,8505503514983
Michael Finley,(412)585-7616x8070,2019735486193
Jessica Calderon,749.937.0546x6259,5790711208127
Laura Peterson,08432439617,6464710155339
Taylor Velez,00798221236,6680293421290
Thomas Parker,585.464.5932x51006,8582347155923
Michael Evans,+92(2)0996493356,7576807910949
Joseph Gomez,(137)458-0183x79764,1817749420568
Brett Cobb,(861)362-3712,1848411409147
Anthony Tucker,1-316-899-3000,4645351789554
Taylor Moore IV,062-564-3556x920,6334202087861
James Mills,491-751-8736x82949,5221102185463
Brian Serrano,1-813-867-0367x1763,8562522736017
Debra White,1-233-907-7622x650,7691113863175
Tracy Davis,1-810-227-7509x3627,4232087469524
Jenna Diaz,(433)704-4292,7532116081442
Robert Villarreal,1-273-845-0865x686,5548058246346
Kevin Lamb,(617)837-8780x869,3170813302114
Erica Atkinson,074-515-6586x8146,1517417850436
Melissa Jones,1-877-087-4944x176,5344179696011
Mark Marshall,(027)454-7210x14717,4110356464381
Kimberly Webb,473-176-7687,5110265968580
Joseph Murphy,500-578-3103x1294,1034304979327
Miguel Sparks,382-062-9383,0574910833695
Kathleen Lewis,444-778-0389,0717074529626
Cathy Collier,566-130-4174x509,8095984736924
Jerry Coleman,+34(6)3032237418,7352237889785
Joseph Cole,(737)427-0909,5950979761486
Angela Gregory,03304002344,2606406798237
James Graham,217.808.1898,5258722067084
Christina Garcia,967-751-5842,7582547281195
Jennifer Hansen,571-703-8197,0261122822684
Craig Gomez,+51(0)8407380495,1284953033462
Laura Bolton,525.235.1891x787,7936237040201
Matthew Brooks,08990364346,1755003098323
Brenda Richardson,1-373-109-8335x75418,6452197593331
James Phillips,(919)551-0751x273,6570255542357
Catherine Williams,(135)472-1985,6089962988179
Bradley Jordan,794-617-7046x105,3398787139356
Melanie Robinson PhD,1-262-963-1836,0285394408407
Troy Wagner,+63(6)2234427765,7637974241301
Amy Hawkins,1-173-072-1272x28443,8215075644956
Brittany Le,383.963.2628,2113031430482
David Rodriguez,1-133-554-8511,5166238958645
Hailey Morgan,(806)192-6412,3522330694775
Valerie Powers,920-395-1020x89039,6670426190537
Brandon Smith,378.565.0818,5112604575893
Kenneth Smith,973-182-0886x467,2519912535190
Cody Hopkins,04572318409,4885566561563
Ashley Davis,590-250-3633x427,8258318170065
Tammy Avila,529-205-5232x058,3658120178160
Bianca Gonzalez,+44(7)5939733916,8536010647734
Brianna Marshall,1-650-056-6288x8700,6171175218720
Kristin Kelly,1-419-403-4475x706,8030558113022
Alex Grant,725.363.0704,3296077865193
Brian Gutierrez,(251)064-6246x93035,2275372664909
Elizabeth James,(989)825-3823x566,2839925161729
Joseph Torres,214-535-3499,3134725209046
Gregory Johnson,05001912516,3039138493580
Amber Short,466.897.9961,1695824923421
Jessica Brown,(616)713-2142x8701,9234919591866
Robert Smith,610-632-5997,9342935426199
Robert Dodson,(785)512-3799,6071062238469
Sarah Collins,458.164.2178x04124,8593194772065
Bradley Black,(617)866-5506x93480,6693569550877
Ronald Brown,005-461-4925x30908,5733380040803
William Cruz,1-117-667-3499x213,0878877815177
Dr. Joseph Wilkins,(038)747-0119x785,0128091056086
Belinda Brooks,1-152-150-4958x23725,2598316083773
Mary Harris,426.986.8465x480,8312686084819
Mario Valdez Jr.,(545)486-2254x9158,2416004656774
Peggy Nichols,(442)107-9342x94076,0283732156331
James Moss,+85(0)6208624386,6547746654295
David Martinez,(087)397-5409,2795077033379
Adrienne Herrera,1-002-382-3997,8928252536639
Matthew Noble,454-223-0730x02500,3018041024906
Mr. Walter Acosta DDS,692-426-9737x2803,4614001561659
Sean Lin,(764)440-1649x423,7189739454537
Michael Davis,08616214145,3292675654542
Brittney Kim,(238)129-9334x49339,1200369113406
Elizabeth Oneal,(506)478-3091,0827584985390
Paul Sanchez,213-526-9135x4647,1108798881494
Adam Guzman,+03(1)4032478437,5738513646761
Andrea Smith,(622)622-0115x31270,3075468484867
Edward Moore,1-652-505-4152,7066924543446
Micheal Peterson,(981)527-3886x58775,9564204424068
Scott Rios,252.172.7981x0972,8664880821463
Rhonda Hess,813-219-8508x8611,0500043458719
Curtis Johnson,(129)117-3017,5057747614330
Kayla Torres,1-221-273-7627x8383,6582037170375
Brittany Bryant,406.750.7409x127,6054462127250
Katherine Owens,604.773.7295x020,3851873033247
Thomas Mendoza,1-965-248-4033x2320,1022072949758
Kimberly Rose,01326535177,9993808348331
Antonio King,+89(7)0176298997,1406628532227
Charles Green,(875)392-4346x0314,2995361284559
Ariel Hall,619-612-1706,2589930915427
Vincent Jordan,084-434-6974,5422064540905
Bradley Lynch,(259)469-7623x44137,1798473377444
Jill Powers,1-126-723-5235x256,4020376866785
Brian Sanchez,07681916994,8251865571644
Andrew Molina,140-215-3651x5390,0889596137631
Nicholas Hunt,1-760-909-3864x32060,3982057058838
Sean Johnson,1-233-154-3684,3119910049508
Monique Smith,(334)043-7037x62495,9405677683586
Matthew Johnson,09919715406,9371878100682
Teresa Briggs,254-362-5522x5505,0415199548958
Brian Boone,581.429.3015,5953436347148
Chad Riley,+58(8)4328613404,1118658314055
Jennifer Reynolds,420.685.1744,8954258995644
Scott Reynolds,+50(8)0237599663,4516005526613
Ryan Taylor,768-915-3258,3518821031532
Daniel Mills,824.000.6277x2828,6173498875024
Spencer Johnson,821.277.6774x965,8143934809614
Megan Gonzalez,+24(0)5844314688,8650536714135
Eric Macdonald,1-576-619-6691x39940,7768961549299
Amber Hall,735-020-6138x0196,2858411127803
Russell Hart,1-895-362-6603,2591515084565
Leslie Walker,112.847.2183x532,1441581038058
Antonio Haas,350-914-3902x4192,7792346264132
Pamela Foster,03083574636,9394672230799
Pamela Gonzalez,980.580.8114x6534,6249833501467
Nicholas Barrett,089.450.4254,2925516808866
Kimberly Benjamin,1-773-662-9993,0528395273309
Shannon Gonzalez,+23(9)9534934185,9590053844160
Devin White,1-557-981-8736x0187,6225056104654
Kimberly Gonzalez,1-599-388-4489x19556,7846844640100
Justin Castaneda,1-645-219-7750x91635,1088775213916
Andrea Thomas,1-288-167-3281x5732,7554734585829
Michael Rogers,926.077.1657,9264421229179
Denise Smith,(129)491-6180x51821,0398161337210
Stephanie Miller,684-620-9687,2291029758883
Gregory Robertson,097.020.1420x9835,7097474930066
Christina Long,+42(7)1442841957,6516314159166
Veronica Mendez,1-513-058-1040,8952080548366
Angela Bishop,1-803-205-8338x6628,4665013506268
Joshua Archer,991.952.2725x3040,6638139937658
Justin Davis,(775)622-6576x13172,3761031045480
Brandon Davenport,(755)569-0357x4178,6559724469135
Sara Simon,1-449-298-8625,5882852845320
Barbara Adkins,1-219-609-1479x55947,8751420574320
Hannah Dickerson,(434)241-1083x279,7143374607536
Dr. Brandon Bell,250-829-8655x918,8402277342340
Emily Lawrence,1-542-863-3271x847,0164091392632
Timothy Mccullough,464-061-8786,0585054957239
Nicole Jones,107-998-2391x8669,4679217114969
Peter Fields,1-680-876-7762x88101,7358218550026
Gloria Daniels,589.111.9257x73722,5645989448655
Mark Martin,576-423-9511,8318988355664
Stacey Lee,(662)580-7005x130,9852178635017
Scott Washington,002.474.5650,8732341335061
Erin Rodriguez,863.450.0719,1552218346221
Sarah Martin,07895270820,5115053422077
Katherine Ford,(570)554-4079x591,6455409378504
Christian Terrell,077.896.3959x3684,6472255501405
Chelsea Foster,1-044-995-2132,0579394086797
Katherine Carter,441.484.0168x592,7180660567761
Jade Jackson,1-495-431-0565,4152826625878
Harold Smith,266-100-3410x760,9326530760995
Timothy Smith,(562)271-2748,9248440235168
David Mccoy,382.840.7103x0186,4609266377954
Anne Adams,042-159-3016x878,1231715797681
Lisa Campbell,(889)007-0787x267,4353873703124
Paula Levine,(241)642-1001x066,2828124299289
Jacob Williams,110.479.9775,3424856464989
Alyssa Vargas,(968)360-7083x46815,9643798982380
Peter Burns,184.669.8212,2446718768838
Michelle Williams DDS,332.228.0824x73229,1596233728921
Henry Goodwin,206.516.0317,7216484455103
Tammy Acosta,08081575821,1131408714004
Elizabeth Jones,1-300-014-0114x468,2501209783957
James Johnson,697-707-0388x984,2642785806781
Maureen Chandler,+34(2)8805520457,4993052130640
Alicia Mendoza,+88(5)4079765146,1860524871079
Steven Salazar,379-286-9595,8698393507613
Jonathan Jarvis,(115)128-4212x440,0800689545232
Joe Gonzalez,+86(2)3517125122,6493176505761
Kristopher Gomez,1-606-794-3750x81189,6932398130622
Laura Phillips,133.093.1886x3786,3736475495207
Jason Wilson,366-287-7531x09392,9787149391176
Mindy Myers,(047)883-5099x17225,4539307743717
Jorge Gates,204.763.3191x6665,3465583196736
Gary Graves,(763)677-8376x905,5181369102361
Mrs. Christy Eaton,(308)227-1998,9040458361422
Benjamin Fowler,082-702-0182x8104,8963687960369
Cameron Smith,417.999.1727x7457,6404609595044
James Hernandez,04292436093,3559724187742
Tammy Monroe,1-546-274-5432x31094,2408367064464
Benjamin Ritter,443.435.8553x83851,3920256513321
Monique Gross,1-232-275-1414x30515,6951457169281
Theresa Morales,513.773.4223,8031407476152
Brenda Kelly,367.458.3527x827,9341970303236
Sarah Joseph,618.737.8112,2733445395377
Mikayla Ware,+49(2)3999073379,7981141178670
Crystal Sherman,536.487.4928x166,9286399449885
Joe Myers,843.818.5235x71192,3826582169525
Deborah Castro,(092)572-8541x1971,0712982266397
Andrew Dean,09925310378,1469052646762
Amber Burch,1-335-131-2557,9198970951260
Mark Wiley,699-385-1379,6023084150977
Tyler Barrera,1-694-522-9618,3535243942048
William Sanchez,634.228.1790x796,9191640976112
Morgan Washington,672.340.4804x9927,5328190281241
Scott Perkins,224-619-2688x008,1559342311729
Breanna Fry,042.556.0601,4687260672343
Sarah Chambers,937.043.2722x71918,7792108787725
Dean Graham,(907)565-2957x007,0747058554955
Ashley Barton,(188)106-5934,0111063862792
Elizabeth Hicks,+39(0)5481754502,8465015319455
Aaron Long,01376547649,2259181712280
Janice Johnson,00667921320,3095511762278
Brandon Thompson,(810)511-5931,4215462101417
Debra Robinson,(520)832-0182x262,8790462096261
Christopher Garcia,(454)551-2585x8925,8789765711124
Douglas Myers,+16(4)0905313358,3309875471388
Troy Collins,1-448-161-2528x124,3686703771279
Jasmine Mitchell,192.026.5659,1026556691843
Kayla Miller,(671)324-1389,2139327001570
Joshua Martin,445.448.9955,8100644212936
Jasmine Watson,656-807-6291x19286,5812805307476
Lance Wu,701.631.9908x83175,9165466114386
Keith Hoffman,1-783-346-4284x9675,6225545815559
Gregory Roberts,849-535-5713x9464,5653140305556
Stephanie Orozco,(197)395-0640x560,2932341874119
Matthew Duncan,07240969358,7653284002517
Jeremy Martin,1-087-156-8745x558,9275875069181
Todd Moore,+43(8)7824743856,2551436651499
Robert Eaton,324.995.7193x2932,9307994070660
Mark Cohen,354.857.2332x56323,9336153230850
Karen Ramirez,1-214-110-4625,8989731366116
Amy Morris,031-026-4711,6918068015345
Nicole Bush,430-671-6931,8903955654880
Johnathan Brown,804-467-7245x882,0843767539198
Nathaniel Monroe,+79(0)6528498397,7734916076349
Eddie Rollins,1-237-609-5659,8945748462098
Ryan Marks,776-841-2877x010,9782084421971
Rodney Blevins,084.828.3884,6769560739310
Gary Faulkner,530.901.9332,8792259549936
Alexander Melendez,830.125.9224x989,0407056593256
Johnathan Smith,565.124.8264,8062083998898
Brianna Arnold MD,334-659-4106,3308985539711
Catherine Wells,245.745.5198x64853,8431628319687
Joseph Roberts,(210)961-9364x981,5879198636910
David Chen,533-736-5855,8467633036349
Kyle Smith,818.802.8064x00055,9782750176266
Joel Williams,+62(5)9890966000,3885914040611
Margaret Gutierrez,(030)958-3620,1082439130496
Lisa Jones,1-784-347-3239x54499,8391618471330
Jessica Fowler MD,+76(5)0015841228,2069424894884
Jeffrey Stark,655.580.1361,9205080499480
Joshua Monroe,720-471-9262,4288514046912
Steven Schultz,172.257.4472,9298062114273
John Arroyo,898.147.1212,0745637421018
Damon Adams,1-627-585-7614,6177722172583
Leonard Chambers,1-019-827-9477x3108,6741716932127
Christina Turner,835.549.0172x0958,2941412872787
Misty Wilson,06076771478,5131884601320
Morgan Hicks,02470996007,0689163283941
Annette Wilson,+01(0)7326005376,0291606082419
Steve King,020-283-6900x867,1173225640081
Jermaine Roberts,002.076.5445x2059,0581398215257
Chase Holland,1-235-723-8986,0155030630489
Nicholas Russell,01660804130,7385779413729
David Matthews,769.889.0792,9466142210027
Ashley Ryan,04071612523,0253812495698
Ashley Page,1-825-708-4163x003,4058478443467
Travis White,+76(7)2416655564,0988247936521
Andrea Lane,06925059689,0040353046829
Brittney Bond,+75(2)7157551221,0386238609759
Aaron Morrison,1-022-811-1495,5382578217475
Lance Nichols,1-236-290-2903x809,1157799352038
Latoya Murray,1-812-999-7768x06226,9569430427807
Linda Brown,(050)831-0402,9502296224609
Victor Farmer,03797428764,6985097209779
Elizabeth Johnson,858.826.7912x8418,5900939109100
Riley Rogers,218.314.1446,1256895770026
Jenna Jones,841.585.8813x106,0651779949696
Tammy Hayes DDS,830-949-3524,3510928406244
Edward Smith,03337520527,8330319668892
Corey Gonzalez,(742)388-6805x0720,3580134629263
Tina Marshall,1-305-360-2301x769,5125449978620
Charles Roberson,937.996.6076x106,4103582574252
Roger Gonzalez,034.274.7709,7173050394955
David Ortiz,161.987.2878x919,3365637133864
Leslie Cruz,1-196-126-1376x7804,4410734664700
Megan Mathews,(501)856-8096x1181,7756182745613
Melody Nixon,854.152.1468,8016813744781
Mary Roberts,1-505-450-8350,4447072580133
Christina Ford,196.645.8771x253,0012547862799
Shawn Johnson,03507449806,4481990924594
Martin Wood,739.593.0069x1629,3715237467706
Courtney Reyes,814-854-4831x6480,0099237809807
Anna Sanchez,419-183-1634,1734854503767
Alicia Anderson,1-436-155-4173,7565224171422
Miguel Miller,554-969-8757x5784,6403475273452
Danielle Scott,(424)303-3138,0843906644356
Walter Pope,154.419.4624x885,4184524107875
Jessica Shelton,547-549-7065x634,8316079189341
Dylan Thomas,1-816-955-4444,2409562660895
Richard Chapman,1-639-846-2146x9168,8396162850815
Erin Villarreal,873.984.9725x699,9826279856466
Katherine Smith,280.632.9828x366,2281529361409
Robert Barron,+34(1)7250267395,9697175891734
Erica Ward,(634)844-2902x9200,2149906335798
Katherine Maxwell,03304920086,0058176398018
Renee Tanner,882-906-6313,8275658877980
Jenny Williams,1-301-500-4178x430,4062098814521
Paul Sanchez,1-950-368-1813,7573068186113
Jessica Thomas,1-339-129-0622x69510,5045779009064
Hannah Moore,+68(1)3059278333,0229044953558
Jacob Lopez,+97(4)9426289364,5460358532922
Jeffrey Thomas,1-295-184-6537,2998407246139
Andrew Hamilton,825.873.8773x500,0545025034352
Michelle Roberson,+02(7)7362318812,0864063106891
Jeremy Ramos,+92(1)8620199400,7996650295480
Corey Wood,(073)071-5388,0975739046066
Jamie Dillon,1-338-230-1105x5867,6173758148325
Cynthia Baker,+44(3)1975542107,2537485251682
Amanda Mccoy,04329384850,3317282633695
Angela Anderson,05768005158,7722579239973
Michael Woods,888.422.8321x036,7966329086701
Julie Greer,+77(6)6683376024,2517761865055
Charles Wells,(347)045-0112x03494,9757340541977
Brooke Kelley,739-008-4875x13631,9084808515806
Michael Owens,909-478-5682x3227,5547204301496
Tammy Hawkins,234-731-0737,8822506230246
Michael Johnson,861-153-6862x303,0034934276385
Darren Green,852-621-3551,4130012644285
Lynn Carter,1-191-098-9982x32722,6532749688354
Helen Smith,250.776.6203,4261294648125
Megan King,811.364.2373,1837993588210
Thomas Marsh,1-186-282-1413x8237,4728761771774
Christopher Kelly,880-722-4026,4029920959935
Shelly Jensen,831-133-5203x169,5920781572266
Chelsea Williams,01999363631,9247071836904
Dustin Butler,852-840-9592x99917,2609000189098
Dr. Tammy Mora,+53(9)6144680125,1173697057851
Melissa Petty,233-267-5723x2747,5041816441163
Linda Butler,1-262-540-9990,5668095904914
Timothy Maynard,694-188-5931,8294615661608
Doris Barajas,1-863-178-1136,2539676109031
Jackson Marshall,1-382-750-2622,4239610036475
Mike Valdez,1-871-206-6375x62359,9855935826277
Steven Perez,751-661-0193x149,7557582266445
Mr. Joshua Huber,(451)889-9302x55294,4234790875265
Rebecca Richardson,(975)263-8147x22574,9797610903685
Latoya Cervantes,(501)524-3636x91105,3923190347922
Elizabeth Mendez,(301)598-9400x822,7753038053236
John Reed,126.740.9220x44271,3540611232546
Tricia Dyer,943.013.7995x5387,1873659320275
Jeffrey Eaton,108-355-2975,6042379968271
Amanda Winters,1-212-190-6098x8155,1128946472367
Timothy Haynes,355.044.5192x9806,7767218239778
Ashley Terry,1-944-206-9221,0855615342997
Michelle Torres,(099)099-5204x3343,6388802733093
Amanda Kim,1-083-886-4378,7223279223021
Maria Castillo,1-237-474-5085x08736,5008798888263
Samantha Butler,846.463.5678x1311,4985073628152
Brandon Martin,04824655624,2361579524907
Brenda Bailey,168.624.9130,0323529834742
Samuel Ayala,(696)785-8060,6930222518424
Madeline Owen,1-526-012-0259x5620,4435118978648
Kelsey Warren,(243)264-9520x353,1711390975098
Angie Moore,(654)522-8193,6554223705784
Kari Walker,+52(9)5928291885,4355725875904
David Cook,151-338-4955,0946191297310
Michael Hendrix,359.322.2086,7926907735711
Deanna Walker,1-710-346-9798,4672643221836
Maureen Dennis,1-982-145-5516,7222981592241
Linda Lucero,1-220-364-0901x085,8664192224761
Laura Medina,+95(3)8010283548,0125643490657
Todd Hall,(113)380-4509x4923,8963610043275
Matthew Santos,549-852-0513x3555,0410878261623
Richard Martin,222.238.2724,8901714045771
Henry Henry,1-289-125-6436x6214,1215580647708
Tiffany Martin,(200)719-1279x21764,9769735695110
Meredith Holt,+50(3)8353947520,7093458224688
Jason Gonzalez,(315)840-9404,1907061536020
Tracy Chambers,(981)540-4737x48417,2510445482876
Theodore Duncan,190.535.2084x0221,9445335191855
Deanna Olsen,(024)962-4868,3301234921817
Michael Fuller,(734)728-8339x40665,9663698502853
Samantha Barr,1-641-506-5527,9617070266864
Joshua Brown,051-854-9047x86052,2146396257852
Kari Huffman,896.855.9514x87176,6269804801013
Vanessa Payne,+83(5)2216860240,4748985751529
Ryan Barry,+15(5)0639306622,3315999862216
Ryan Lawson,591-342-1887x8080,8829918655162
Tamara Hendricks,803.900.9438,1872995009011
Leah Orozco,448.364.8742x335,6866326790483
Malik Smith,(234)116-8458x55077,1265573190476
Gregory Howell,(146)702-4283x53071,6045534383759
Daniel Allen,751-245-2715x507,0216586468138
Richard Smith,(887)162-9371x5866,8144808128442
Diane Walker,462.428.2003,7671162993504
Donald Hughes,1-816-867-3554,8911599717571
Bethany Davis,1-232-471-3664,7107212003126
Denise Barrett,(202)157-7881,6239478554669
Ronald Jordan,418-693-8838,2312617331490
Tiffany Gutierrez,1-831-670-7972x433,8638302249593
Christina Brown,(915)524-7465,4355341767782
Alan Hamilton,410-010-1546x362,2756703693602
Sherry Martin,1-432-385-8704,4252854174031
Stephanie Mills,161.702.2258x365,7882158472792
Helen Davis,1-113-833-3549x384,0874477060542
Christine Smith,(542)355-6413,0732296199754
Dana Mosley,+75(1)3441806400,4139385010512
Nathan Smith,(444)967-5454,7685917620171
Jennifer Cross,1-309-677-6759x5504,2944303041187
Monica Alvarez,(373)969-9866x40590,9781551239248
Nathan Houston,1-268-523-1089x86013,3518892449434
Mr. Connor Klein,+41(6)9553464928,3403239010227
Paul Thompson,(202)908-2548x3243,4575016349727
Terrence Fuentes,(179)882-8144,4677396153748
Roger Reeves,(675)931-7616,6640060468941
Kelli King,120.940.1804x62914,3629420915939
Jessica Powell,295-098-5415x630,7605672642195
Mark Collins,272.986.9769x468,9696271539199
Ashley Ross,1-844-054-9100x01904,1402204279142
Jesse Martinez,09147081526,7614542317996
Christina Powers,1-340-557-5141,5401689512955
Jeffery Johnson,224-399-7296,5484275757909
David Thompson,09668216802,0219633683867
Darrell Hinton,852-281-3052x8372,8325465333336
Kayla Craig,05307694394,6125734273439
Cassandra Williams,1-948-413-2321x82012,1062654391490
Stephanie Vazquez,428.213.2866x5829,3394218423452
Christopher Carter,07771859220,3312353992183
Christopher Estrada,631-684-8671,6747754778734
Gerald Smith,(678)399-7114,9201326100547
Cindy Cook,1-474-771-5404x459,6241059453445
Michael Welch,+20(4)2753059616,2965767295299
Emily White,1-924-592-5369x420,0348201236096
Rachel Nguyen,165.553.1491x41274,4371623135476
Robert Gonzalez,1-149-780-6263x10601,3623460556305
Leslie Hill,1-632-936-5915x980,9085031957968
Melissa Grimes,1-621-293-9148x7128,8944267893796
Elijah Luna,115-143-3351,2979544939252
Amanda Walls,(143)176-8780,9056366741324
Brandy Walker,02363725062,0027475624517
Jeremy Palmer,1-582-661-9289,3405385643052
Diana Weeks,1-039-711-0013x419,8240191464744
Danielle Ramirez,(144)842-6701x5703,1807163009845
Tyler Robinson,02034736971,0414729746505
Kimberly Mcbride,1-202-756-0891x49620,8304898045207
James Baldwin,+64(6)8951354419,2750359054169
Gregory Conley,601.425.5555x1182,9010930372093
Jennifer Blackburn,143.412.7630,7484121569562
Cynthia Elliott,1-277-838-3103,5448443981558
Kimberly Gilbert,+47(0)5518516403,7901735978134
Kayla Andrews,810-236-1941x5404,7958088390021
Savannah Martin,1-819-795-9591x77870,8311630807610
Jeremiah West,(615)631-5915,1502659521961
Kevin Thomas,1-284-017-8295x900,0899572316295
Jason Duke,+32(9)5189573090,6378128036589
Brianna Williams,421-269-8768x2238,1548630720695
Lindsay Smith,1-919-148-8415,2815120447677
Martin Thompson,1-167-728-0462x8342,5423810029729
Mariah Hawkins,1-748-103-9839x90012,3223445270624
Dennis Bridges,912.144.3315,5530272159199
Melanie Marshall,508.699.0003x724,0890373078139
Judith Smith,804-642-0506x39415,3492343349989
Jennifer Gutierrez,+90(9)5565042169,5378873752582
Kelly Gray,1-207-982-0546x471,0649647731580
John Chang,(148)865-7208x0611,9884527297324
Victoria Jones,841-998-3938,3843407490961
Ashley Tate,570.884.6348,1162516214827
Tara Ward,371-770-8985x919,0575016798864
Aaron White,(597)913-0409x534,7298282400691
Angela Mclaughlin,06883270188,8600607084636
Stephen Payne,(799)846-3909,6282405534906
Robert Phillips,299-126-2847x50029,5587281335069
Stephen Reed,1-455-438-3665,1041493585840
Renee Webb,(775)340-5264,0779187609459
Kevin Gibbs,695.684.3050x358,4074794130362
Scott Kennedy,+78(0)4225733800,3135455957429
Bob Johnston,945-908-6038,5528593105735
Elaine Sanchez,1-616-889-6418x3220,6663380688943
Victor Matthews,351.421.1545,8779976521728
Kaitlin Flynn,(360)640-4077x06756,6731394718021
Katelyn Perez,608.169.6754,4346104013666
Troy Howe,915.608.4014x4343,2681170754870
Raymond Chandler,425-068-0011x8494,6504708960214
Gabriel Robertson,847.074.0897x5891,5425585732569
Elizabeth Mcclain,1-039-476-9197x6908,6209832481788
Andrew Salinas,656-356-2631,6124870895864
Billy Kent,03638837797,6892239599615
Leah Porter,1-404-447-2241x79641,3135707149404
Jon Leonard,(227)736-2096x808,1321707012110
Joshua Heath,(795)851-4723x72395,7041112730532
Katherine Salas,832.710.7507x63261,2791224992520
Patrick Williams,012-364-8793x9758,9934446409848
Antonio Ramirez,+81(4)8848149001,0416647742782
Lisa Mejia,160.016.1002,5284384231747
Meredith Nixon,1-332-735-6107x15452,0118251699338
Nicholas Evans,1-147-980-9070x2875,6243003780843
Kyle Peterson,(274)381-2585x883,6178573187245
Robert Sanchez,08735712248,5662236277431
Jeremy Taylor,115-113-9476x322,9584089888601
Luis Barber,(510)311-5665x638,0085012380937
Paul Marshall,608.089.5841x5763,2961741518583
Christopher Williams,472.071.8617x26134,8597617604087
Connor Dennis,(508)890-9208,1839499841240
Scott Olson,+69(6)4473595420,2908017658598
Lisa Harvey,09154827202,1096966830538
Martha Ho,140-401-1440,3219064955172
Alexander Nunez,(855)481-7800x9008,8569812013964
Jade Castro,07201421529,9238667374917
Richard Thompson,954-706-2694x0216,6669725932764
Michael Merritt,+28(4)5700957896,7008132699539
Connie Stewart,781-308-6417,4301482392055
Tyler Ellis,1-939-285-5872,9776731527567
Richard York,+42(4)6754682984,9556176123704
Bobby Horton,745.246.1989,4397745714320
Patrick Hayes,1-205-355-1826x33547,6101617907882
Holly Mitchell,1-249-392-4960x27233,0041786869443
Dean Le,(743)167-6896x2075,8872963449507
Courtney Davila,573.106.5617x15512,4350883491577
Christopher Gonzalez,1-226-206-4070x0723,2062857337065
Mark Payne,1-433-037-3088x278,5354750502105
Cynthia Pearson,1-981-394-0846x1694,9876321346452
Annette Flynn,876-591-1940,1131651678238
Sean Reyes,1-145-848-1753x0226,4115198906549
Mark Buchanan,(319)061-0778x36787,5278088672951
Desiree Gibbs,583.765.6599x751,3987056681483
Brian Burgess,(288)235-6146,1136749047941
Barbara Lindsey,1-359-358-0462x820,1906052745601
Joy Fields,149.373.1418x19714,9396992217160
James Adams,+54(3)0645990728,7131907612188
Debbie Allen MD,(197)409-6687,7454790340830
Anthony Austin,1-161-581-9138x4772,7477301956962
Evelyn Smith,(168)748-0105,0900872256669
Sheryl Rogers,666-456-7422x193,7794030819116
Cynthia Fisher,(232)319-1703x076,7994650413583
Paula Blanchard,(898)651-7031,6785351286023
Barbara Bates,+17(3)9327655622,2435787622202
Jonathan Bishop,(173)703-7075,0127900612710
Emily Oconnor,261.137.0688,3600046371019
Tony Shepherd,(182)216-0813,4137509101924
Todd Ruiz,833-275-9696x94092,5534629199883
Jessica Long,070.150.0518,9351798046796
Danielle Lewis,(583)437-8017,7948533954236
Samuel Decker,1-473-278-8863,8771024784529
Miss Angela Herring,(217)761-4048x2576,7166384356201
Cory Clayton,703-586-9922,9722153843617
Gregory Williams,(135)048-0808x638,5788338005212
David Miller,(499)659-5947x14413,0437499624682
Eric Anthony,+58(9)1088416315,3807147390103
Jennifer Alexander,200-030-5740x29066,4546559708685
Lisa Perez,+56(5)4712817992,1689690278648
Charles Bryant,955-460-3600x7956,5566708576391
David Sweeney,(405)555-1608,7583400638200
Heather Osborne,732-200-9791,4608909755470
Cynthia Garcia,483-195-2841x83388,7598255352164
Taylor Villegas,(068)321-3399x4772,6684764192214
Lauren Joyce,1-317-393-9635,4457143256140
Sara Houston,04896547787,4821913063168
Stephanie Mcmahon,(554)659-7424x8353,0862254266584
Jason Grant,(622)642-0110x91088,3228163830723
Barbara Perry,189.431.0730x53796,0888258234619
Steven Pena,(660)364-4686x47729,9637097654536
Kristy Jones,(674)022-5595,7221922936540
Richard Nguyen,785-669-5393x664,4236118792841
Thomas Grimes,(393)220-1297x0607,4715319681500
Michael Hoffman,04370204500,4296452485267
Jacob Frank,1-489-814-1030x77282,2808190062864
Bridget Watts,1-881-019-0800x3156,1510273371152
Sydney Gonzales,(949)467-0918x12442,8794217302751
Mia Cook,723-249-5254x7766,3567349921030
Sergio Bell,264.516.9480x00781,7686778544941
Megan Daniels,480-209-6982x22324,6235013780739
Brian Huerta,595.804.0235,2309405304859
Samantha Robinson,573-411-3382x053,5320048495039
Paul Hernandez,08410911184,9892918780119
Jill Wolf,(860)413-1723x71496,0390303845973
Dennis Lang,(412)803-9108x449,2577725655115
Connie Roberts,03050207520,5226737585381
Andres Young,243-763-7177,5922466420640
Vanessa Mays,1-783-560-6547,0359975529932
Kristina Banks,(610)578-0355x907,3947388907293
Laura Robinson,(115)927-5745,2708846021996
Veronica Rivera,400.962.2789x3908,2266224217527
Dr. Ronnie Wagner,000-744-2547x947,4572599518304
Cynthia Bullock,1-515-295-5152x8436,5099504993609
Adam Green,430-357-6498x85292,5336765423750
Caleb Sanders,+62(9)6405579948,4136558187255
Corey Rush,1-884-409-7790,9675381828751
Colleen Schultz,952.009.8934x5233,9780953067541
Taylor Herman,00320857350,3091530862197
Laura Moore,1-845-677-4024x5796,2140293223880
Amy Mueller,(085)834-3932x75753,2027416896902
Ryan Stewart,+18(6)8585956554,8587902758212
Christopher Larson,688.679.9701x6402,6248395434237
Michael Reed,155.708.5698x92569,8908324920962
Nancy Green,768.762.0833,2548070829735
Kathryn Lewis,250.622.6442,8428459297536
Dale Gibson,207.172.5241,4093209738313
Norma Hays,1-471-850-3944x6931,6704992622984
Natalie Johnson,970-786-5495,9085093042954
Seth Jones,608.173.1897x042,7218829833645
Brad Love,269.947.1578,4759586911069
Eric Freeman,085-125-7489x88886,9049847227196
David Howe,1-187-947-4848x27052,6349808384764
Kari Harmon,04083419646,7863112581408
Alan Dunn,(666)789-8604x5874,3815627740263
Daniel Sullivan,791-028-3713x5773,7242873699155
Julia Butler,(594)312-7262,8369119161265
Corey Contreras,(292)943-0401x53686,9173730231448
Donald Hughes,+25(2)7103170502,9062889463636
Sean Ramirez,05869017281,1092143589237
Robert Conway,128.646.0840x3771,7244579028734
Michael Hernandez,1-262-205-1736,6178567165471
Tony Simpson,1-771-204-7751x577,8822344642546
Margaret Thomas,934.834.6410,0791650898955
Tiffany Gray,484-164-1765x647,9935653310309
Miguel Spencer,363.324.5017,0556464880257
Brandon Robertson,1-958-005-8046,8516991845657
Jorge Klein,1-888-452-0783x27504,4846824210555
Jason Sanchez,601-651-9133,4433303230052
John Drake,(651)674-0166x539,4493043761698
Crystal Mack,642.846.1093,3442820573345
Michelle Young,762-034-4698,2780249191896
Anne Rich,(409)116-6127x81133,4935244209147
Terry Dunn,224-666-9695x876,4115571841511
Tracey Reid,1-033-907-0435x00449,2581704119239
Jennifer Williams,1-663-753-6860x5915,4928197600505
Lori Stephens,1-170-067-5469x62515,6864904149647
Lisa Moore,+06(5)6533227450,1715276007132
Mrs. Cindy Garza,559-662-1409,5412288714534
Cameron Bennett,+39(7)8124661356,9635049652265
Nicholas Tapia,1-352-477-4240,2912107751045
Chris Anderson,637.275.9152,7628159589295
David Cummings,05340139279,3833551919500
Martin Carr,934-154-4270,4674953479471
Katie Valdez,+21(1)4591950477,1922867256514
Aaron Hall,895.408.3280x72562,1701254672041
Ronald Carroll,(030)722-2500,4523461413364
Christina Brooks,661-908-4056,7186110982856
Dawn Rodriguez,(776)994-5850x4498,5610057689551
Brittany Morales,532-409-4794,3445679906241
Shannon Collins,(094)313-3485x76919,5782754704612
Joseph Martin,1-256-679-9027x5469,2467518673177
Matthew Black,698.954.7678x391,3555744754070
Ashley Henry,08068726806,8178628607603
Shelby Moran,(854)276-6306x4768,8069270173908
Daniel Sharp,+80(9)7398122149,4385170362506
Benjamin Miller,974.036.0507x6097,0477559551435
John Hernandez,(259)412-9315,1776479241785
Leslie Jones,1-136-648-5294x8295,9170077345210
Amanda Brown,952-109-7929x3805,8834062433320
Mary Smith,1-193-943-5075x503,9695476862071
Jenny Coleman,(754)454-1373,0943536925747
Barbara Parker,(362)960-1183,3890032891472
Andrea Dawson,185-000-9925,5560016757992
Eric Taylor,1-666-072-6637x3709,3659841864653
Jacob Hansen,1-329-371-0516x2817,5002782634102
Tiffany Hampton,722.493.1875,4480072404085
Melissa Frank,+40(2)6759763473,3420586568362
Michael Powell,006.047.9421,5841995958618
Laura Wheeler,1-752-345-3299,2114800147570
Richard Crawford,1-495-643-1934x05251,4796697210445
Barbara Brown,785-271-0031x8710,2806485634130
Mark Lewis,1-464-125-2879,4411527447050
Courtney Luna,(379)473-0982x973,1798692453752
Alex Howard,814.098.4354x0369,3339889000960
Kim Horn,(999)471-4319x395,7719062262358
Mark Patton,055-748-5030x0674,5765199567721
Lisa Davis,1-311-593-4417x47085,1062410959407
Tina Warren DVM,1-134-165-9583,3220869638023
Tristan Nelson,(426)602-6112x953,0708386399090
Steven Ward,(478)031-1508x833,9229359021509
Christopher Patterson,305.736.8055x6080,2594487498767
Kathy Turner,1-319-405-1900x1761,5048574080153
Joshua Fuller,(714)823-3264,8149403475557
Matthew Jackson,1-678-977-1040,5494091644932
Amy Gibson,+64(7)5038104812,8300968629131
Priscilla Taylor,621.831.0780x438,0080313383304
Jordan Wolf,1-688-060-1247x53786,3292607381096
Jimmy Reynolds,873.315.6500x95110,9706344024290
Ms. Kristina Rodriguez,02322747866,1582581451352
Sara Robertson,799-442-8020x666,9317567018906
Kelly Harrison,139-465-1849x61987,9145682129807
Michael Marquez,(098)453-0659x7140,9323343135989
John Avila,1-383-729-6564,3252247191332
Michael Russell,+33(5)9137076503,9592055240322
Jacob Crosby,00358259953,1584988793080
Lisa Ramirez,1-626-420-8259,8733970198164
Heather Rogers,+07(4)2393087083,8251440537423
Javier Rodriguez,037.751.2913x41289,9612728609420
Lisa Wade,061.568.7847x896,3946047788389
Mrs. Samantha Porter,1-157-718-6946x679,1206407486143
Lindsey Smith,01972281164,1658624725626
Mr. Steve Chase MD,1-112-442-2656x98530,5612073292678
Angela Joseph,504.680.1752,8464587558606
Nicole Mills,633-301-7435,5758716575040
Charles Everett,01695759519,4114601056949
Michele Bush,1-700-094-5808,9266922828127
Christopher Woods,+94(3)0377768307,1807745373937
Emily Morales,(082)630-2094,2171482653690
Elizabeth Alexander,527.598.2659,0828941748412
Vanessa Lopez,(071)068-6635x3249,1506473059075
Danielle Ortiz,03229730931,5897978528668
Victoria Brady,(545)193-7419,2419891196293
Andrew Browning,1-560-365-1271,1284849414207
Denise Thompson,908.112.4283x307,2288688481719
Victoria Rivera,1-310-876-7509x1754,2201599347110
Jill Strickland,(447)586-5105,6030008284823
Kimberly Richardson,+81(6)4855370507,7884546396598
Christina Hernandez,(138)655-7520,7098719018693
Chad Jones,355-721-7304x9152,3627649039702
Sarah Davis,06348942843,9333088936499
Andrew Walker,729.095.9486,9881016023174
Heidi Garcia,1-335-182-1757,2431793851506
Jessica Joseph,1-101-774-9286,2991567574128
Jamie Williams,(477)304-4403x614,2814601547738
Eric Cisneros,1-604-295-9087x893,8913497320778
Jessica Martin,(391)050-9958x77832,2111073949030
Kimberly Hall,961-557-1008x97082,2367091772956
Robert Wells,(930)522-4597x00873,0080806498133
Elizabeth Franklin,+66(1)1317085679,5324128933893
Madeline Miller,104-965-4920x8756,0757955113148
Ellen Clark,961.676.5018,6571481851831
David Caldwell,343-445-6073,3011307851476
Kristina Ellis,845.117.2734x321,0794335224155
Travis Peterson,(413)428-7456,3117831896829
Jeffrey Herman,190.701.8988,4587958943550
John Thomas,(644)735-8379x77549,6963141842318
Karen Lewis,1-636-244-1771,7815712494251
Juan Miller,1-969-096-2605,5111638889082
Christopher Gray,(650)904-4728,3044419227815
Mark Erickson,027.387.0122x8614,0510548630749
Matthew Nunez,(165)401-8721x9607,5408649835390
Howard Brooks,804-286-2546,7749818660107
Benjamin Strickland,332.206.1740,1187541931730
Barbara Williams,1-124-021-1305x6926,9222321967836
Mary Hopkins,(749)758-4717x4916,6135124392008
Sarah Holden,1-210-686-2309x1641,7379338739733
Thomas Collins,(218)594-1276,9312610917403
Krista Williams,317-709-8293x13041,0813991775914
Jerry Simpson,1-057-698-9880x6587,4319027002307
Dillon Fields,01574028112,0575982733876
David Carter,1-133-172-4506x22357,0760485075190
Amy Robbins,+61(2)7398478563,9003265617649
Daniel Martinez,268-343-4843,9360287855801
Tracy Hatfield,05716271909,7432931797941
Mr. John Bright,08165784631,6837832346235
Roger Garcia,08268354635,8076300602888
Aaron Salas,1-353-131-3666,5089107325914
Amy Hammond,03117030906,4371609906021
Jordan Williams,+38(2)2983871556,0433131283569
Mark Dawson,(074)314-2828x04544,0258510413944
Michael Mack,136.507.3123x6842,1740876949032
Savannah Mitchell,1-446-368-4882,5152760152569
Sandra Anderson,1-691-350-0199,1431571230401
Heather Munoz,694.914.4096x670,0328732562734
Darryl Decker,1-084-487-8549,0476935385992
Tracy Chang,701-629-0617,3770182485021
Jennifer Meyer,+71(9)5821806266,3271380627799
Sabrina Rocha,(701)029-2940,7520879254685
Stephanie Jones,+66(7)0262181720,7409917680047
Timothy Ross,(774)357-5221,5460091884456
Nathan Lane,1-389-454-1904x975,6312435480918
Amanda Mcgee,(665)951-7444x15309,7073332041419
Travis Mooney,00243314138,8287520841135
Melissa Cox,1-789-708-9684,4218129440508
Angela Kane,1-817-611-5855,3715905368403
Lacey Smith,943-734-8879,0211755797811
David Williamson,790.228.3403,7227968235418
Daniel Nash,(674)240-5458x672,1004049103783
Brian Singh,1-715-323-3184x634,1074268894717
David Gonzalez,1-091-077-3969x33548,3042086890431
Kathryn Jimenez,1-277-643-7425x84686,9126029415616
Michele Ferguson,830-859-1565x153,4354828246161
Shelby Scott,03207993956,2687278214865
Jennifer Davis,122-813-6982x13096,4344769916438
Steven Harding,620-586-8442,7122522471083
James Garza,533-604-1190x32042,4208306448694
Brett Johnson,568.558.4144x5079,0761603282049
Alicia Harris,+82(0)8997219081,6926079921388
Brenda Gates,724.222.7275x252,4313171503611
Miss Breanna Davis,+21(1)7699748876,7653738044100
Dennis Parker,784-383-5583x77153,0123856631737
Lindsay Lozano,296.939.0301x7036,4577786583639
Paul Turner,223-377-2974x0987,4548613611917
Christian Campbell,166-196-8928,6641608675012
Ryan Mccall,(702)443-1299x348,9252045710852
Pamela Phillips,05733777186,7878588520004
Jason Romero,1-718-328-9869x02617,5772397586324
Adriana Smith,1-801-439-1367x42203,2913971283991
Russell Underwood,634-952-3306x17670,6405476377894
Dawn Lopez,902.733.5628x35874,4090065170486
Michael Morgan,687.773.3006x03973,1357483570605
Brandon Bryant,07557906556,7331863899528
James Harris,125.006.9146x644,5762915278961
Megan Adkins,(493)355-2775x15286,0341656547557
Michael Garcia,+40(4)0178089901,7813685518455
Deborah Sloan,1-183-776-0046x905,8783238369645
Christopher Martin,+43(3)4153498069,5404919845885
Ann Matthews PhD,06111584612,8974393655920
Jessica Young,+75(1)4156165433,5456386515334
Billy Velazquez,01380151122,7966542268205
Nathaniel Powers,189-396-4124x1758,5551397171859
Nancy Reese,(250)301-4142,1993928848511
Joseph Kim,643-043-7305x46564,6349083247037
Daniel Johnson,08966097521,4843510116900
Peggy Andrade,(259)625-8349,2365755302310
Tammy Blackburn DDS,(235)517-3634x4521,1353669034701
Paul Brooks,1-175-452-2900x4853,3141389848436
Paul Newman,1-600-570-4639x8837,5851340965260
Nicholas Stevenson,476.130.0212,8729956077400
Tiffany Robles,(377)156-9966x3500,7471508513430
Peter Matthews,746.820.2033x935,3239741691346
Joseph Davis,00052091341,4261480229039
Brittany Ryan,+60(8)9856379962,5963761535547
Michael Aguirre,+85(7)4866728953,8103578564799
Jose Rivera,023-103-6000x134,5344358545611
Christine Lin,1-631-255-4807x3917,0534225478479
Nathaniel Thomas,063-694-0930,7059299401862
Brenda Gomez,(066)284-1567x3216,7355311843710
Linda Johnson,1-983-425-6466x4349,6800424074199
Melinda Holt,864-708-4552x175,5009124536742
Angela Evans,(665)868-9531,1644487740623
Jason Anderson,085-864-5704,6798736668550
Veronica Taylor,(942)499-7110x822,9593553230198
Kathryn Watson,527-916-2300x780,9610218962116
Robert Austin,1-173-722-6917x816,0254711288664
Steven Boyle,627-922-6570x0747,8647811498644
Christine Garcia,485.153.8251,2408770354664
Natalie Mccoy,1-715-111-3740x227,2993575670649
Michael Madden,(062)036-0525,1538684555879
Rachel Benjamin,236-638-7848x14862,1710150306714
Craig Dunn,906-181-0283x78370,3005587891819
Jonathan Moore,959-216-1473x4034,9161048037968
Jenna Rubio,906-062-0463x2885,2378008344142
Erika Watson,087.369.4870,0505562645985
Jose Alvarado,+87(2)3035744904,1052446291053
Michael Lee,1-185-094-3059x5870,4728425375874
Donald Patterson,+20(0)2646580829,3263816585278
Laura Larson,201-662-7668x4657,9606068692990
Kyle Gutierrez,736-689-3634,6919579036102
Henry Nichols,(350)223-2433,9507173887311
Gerald Davis Jr.,(124)523-3274x4449,6450580955674
Paul Coleman,652.608.1058x188,0151068179242
Catherine Smith,1-929-657-3395x58265,0651691954693
Laurie Peck,373.669.3296,2238501703498
Chelsea Hanson,09687954091,9310035858462
Marcia Hudson,1-886-191-8036x540,8049833788756
Patricia Aguilar,09649322223,9664000931347
Christopher White,844-895-7326x115,3362887740682
Jason Key,391-994-4131x850,6003287700575
Kelsey Thompson,1-889-156-6800x9276,4272062283721
Joseph Johnson,983-215-4654,9821400926346
Christopher Morris,460.042.9253x245,4716813091956
Vanessa Johnson,520-244-8817x911,4046199963845
Melissa Haas,(444)069-9977x9732,8413443022591
Nicholas Cummings,390.094.2305,5492936194123
Ms. Jody Hughes,+42(6)6911586688,6100634839435
Michelle Lewis,(605)409-8773,7008848174351
Julie Garcia,574-054-6647,9053814409461
Kenneth Richardson,521.751.3847,0758811258522
Angela Hernandez,310.674.8480,7272341132228
Colonel Sanders,1-800-CALL-KFC,1128946472366
Stacy Fisher,(086)049-2788,0876267007027
Jamie Lee,+85(0)1569468118,8256360402790
Amber Adams,1-019-275-2159,8086322821860
Lisa Brown,1-932-808-0175,0820292007866
Richard Vance,683.153.1763,0716772973717
Laura Mcguire,+54(2)1568338858,5510671100206
Teresa Nguyen,1-139-280-5826,6599507369405
William Sandoval,+31(1)0586476899,3722966464982
Ryan Williams,534-218-8113x850,8327956123884
Brittany Watson DDS,246-363-6090x466,2218954220124
Julie Cox,06243192746,9743556268616
Marie Grimes,+55(2)9094999160,6460956601593
Angela Morales,189-441-5855x996,7994916217535
Dr. Jeffrey Stark MD,+37(7)1363554389,4294824545755
Kelly Carter,590.363.3045x7342,1064718001086
Kimberly Wise,846.064.7399x134,8704162339733
Morgan Booth,351-739-0012x989,3606922532970
Jennifer Miranda,1-766-830-6548x9912,4922475966956
Michael Anderson,(568)758-7957x8148,0286268119207
Jeremy Knox,(695)196-0406,9761284532816
Michael Bowman,1-330-771-2006,1705801853235
Robert Alvarez,1-060-025-2111,0204396246060
Mr. Joseph Jackson,1-128-933-3350,6531426119938
Juan Keller,1-891-670-1507x1074,5710085401146
Natalie Diaz,201.727.3446,8945651051020
Sarah Brown,1-835-644-7548,1777214938458
Jacqueline Mcdowell,(701)698-6005,9966283531253
John Hampton,+02(1)8512366909,4738492363551
Amanda Cole,(448)729-1741x2832,2041645184708
Cody Clark,+85(4)2289079816,4952348128693
Grant Brandt,(409)598-2570,5607234925182
Nicholas Smith,1-373-077-9369,3906463414019
James Thornton,04910088336,4366599061065
Shawn Martin,1-882-807-1182x51720,8271840230212
Kimberly Esparza,1-519-442-2630,6439358797296
Stephen Washington,+70(5)2716962954,1101615806045
Jean Rivera,814.062.5251x5635,6610818291947
Jesse Garcia,1-435-522-5134x911,1498504781539
George Berry,421-831-5503x892,7717656201097
Cassandra Thomas,390.532.2049x53065,4430466074530
Cameron Castro,1-645-398-9254,3136321654848
Julie Hubbard,+02(7)8484671002,4235566292873
Jesus Kim,(014)819-4685x3556,7294207388792
James Johnson,669-168-8322,5416161174965
Joshua Thompson,(754)784-2943x30681,2567867709616
David Campbell,908.062.3491x2402,6311478384726
Roberto Mcdonald,087.975.4525x80879,0426547066055
Jeffery Marks,(099)617-5607,9620176487323
Patrick Boyle,+18(0)5788910903,0670017198429
Paul Gray,737.556.7269x58281,4624743861528
William Jackson,954.491.7237,8487955640611
Carla Johnson,223.035.2981x7614,7573809478156
Brian Reynolds,(563)718-1915x30236,1750308835918
Brian Frey,815.317.0289x1558,8644668084372
Heather Haney,1-823-610-2874x252,2714332673266
Amanda Jones,+25(9)0080599673,8969872328143
Kristin Boone,1-687-176-8275,5494819251640
Christina Grant,08942836276,0464274840494
Carolyn James,(656)201-6404,6259886312187
Margaret Hernandez,1-129-072-7539x512,0990905054652
Andrew Randall,1-005-969-7347,4986981520804
Samuel Sandoval,06021239539,4743543813909
Angela Gray,1-314-032-7836,9625023349502
Crystal Henry,119-950-8595x07796,1143867396110
Christine Carroll,1-114-548-0217x8042,2778003058509
Karen Strickland,444.382.3642x15020,7055639150735
Mark Martin,552-357-4583,9613216994592
Andre Hooper,845-865-5439x1996,1378470391003
Danielle Bennett,987.362.9072x56626,6967057838120
Edward Sawyer,559.742.2293,6893182599936
Tim Irwin,08777091310,1233862619649
Teresa Hebert,219.015.1218x794,6938353756265
Lydia Hughes,429.082.8227x9081,0063325945371
Anna Williams,601-782-4027,6278550937082
Kevin Chandler,06099413017,3353757554904
James Barton,(133)166-4832x4041,4960584828895
Jeffrey Delgado,359.413.9372,4158664325901
William Madden,648.145.9260x57100,2974636690950
Jose Robbins,553.456.4634x4480,2286517848832
Rebecca Bell,372.292.0212x2929,1978510655135
Leah Watson,1-031-643-4369,2203111526065
Sarah Peterson,764-606-8513,9244525666353
Jonathan Campbell,003-186-0718x20966,3238264182218
Kristina Potts,649.172.1207x350,1177385704140
Gabriel Lee,1-731-108-5746,0478586847010
Mark Norman,05221363050,4121794166423
Bryan Jackson,103.331.4905,7504925227922
William Davis,+30(4)2411370368,1601797344804
Miss Rebecca Gomez,1-347-198-4673x104,0056848871708
Adam Phillips MD,1-425-141-4166x17428,6201069189116
Christopher Thompson,704-089-8759x1530,3164150623353
Nicole Moreno,1-109-435-8884x7867,5570466533190
Joseph Wood,511-036-6510x90544,3949751531715
Heather Vega,491-905-0967,0340913060501
Tyler Stephenson,(042)059-2733x1605,2885285680615
Nancy Cooper,+91(0)4684634521,9670233508201
Morgan Rasmussen,988-435-6286x286,1559986750151
Dylan Mccoy,1-266-344-3376x2918,3159030793578
Wesley Cooper,281-988-0457,3848420484171
Joshua Barber,06444850341,7240718914203
Tara Hernandez MD,(440)317-0285x021,4495725601551
Gregory Johnson,588-062-7031,8922636215004
Betty Martinez,(890)596-8060x494,3660908642671
Jennifer Riddle,095-986-7239,9674516672092
Brenda Greene,07516797556,9347561643101
Thomas Brooks,317-233-8914x655,1065943204518
Jennifer Martinez,668-602-4511x5045,5611244682270
